backers_count,pledged,usd_pledged,usd_goal,SuccessfulBool
20632.0,20632.0,20632.0,20632.0,20632.0
183.67584335013572,21392.67573914308,20915.90791124244,87721.24360210451,0.2916828227995347
1222.012657821168,120497.25180189825,115471.73308967806,1284944.8635817124,0.45454809198959883
0.0,0.0,0.0,0.70227678,0.0
2.0,25.0,25.0,4000.0,0.0
12.0,695.0,716.3011925000001,13749.967970000002,0.0
63.0,5954.25,6004.6281772925,45247.9017,1.0
105857.0,6225354.98,6225354.98,100000000.0,1.0
